{
  "builtin_entity_scope": [
    "snips/duration",
    "snips/temperature"
  ],
  "config": {
    "unit_name": "tfidf_vectorizer",
    "use_stemming": false,
    "word_clusters_name": null
  },
  "language_code": "en",
  "vectorizer": {
    "idf_diag": [
      2.616555380202964,
      2.904237452654745,
      2.616555380202964,
      4.002849741322855,
      3.751535313041949,
      4.002849741322855,
      4.339321977944068,
      2.904237452654745,
      4.002849741322855,
      3.0583881324820035,
      2.904237452654745,
      4.157000421150114,
      4.157000421150114,
      3.463853240590168,
      4.339321977944068,
      4.157000421150114,
      3.8693183486983322,
      3.3838105329166317,
      3.6461747973841225,
      3.751535313041949,
      2.904237452654745,
      2.547562508716013,
      3.463853240590168
    ],
    "vocab": {
      "a": 0,
      "builtinentityfeaturesnipsduration": 1,
      "builtinentityfeaturesnipstemperature": 2,
      "c": 3,
      "can": 4,
      "celcius": 5,
      "celsius": 6,
      "convert": 7,
      "degree": 8,
      "degrees": 9,
      "entityfeaturetemperature_name": 10,
      "f": 11,
      "fahrenheit": 12,
      "from": 13,
      "initiate": 14,
      "k": 15,
      "kelvin": 16,
      "please": 17,
      "set": 18,
      "start": 19,
      "timer": 20,
      "to": 21,
      "you": 22
    }
  }
}