{
  "builtin_entity_scope": [
    "snips/duration",
    "snips/temperature",
    "snips/number"
  ],
  "config": {
    "unit_name": "tfidf_vectorizer",
    "use_stemming": false,
    "word_clusters_name": null
  },
  "language_code": "en",
  "vectorizer": {
    "idf_diag": [
      2.823307826962981,
      4.695110003864572,
      4.982792076316353,
      3.03688192726104,
      2.785567498980134,
      3.03688192726104,
      3.6835090921860925,
      4.695110003864572,
      4.982792076316353,
      5.388257184424518,
      3.6835090921860925,
      5.388257184424518,
      4.982792076316353,
      5.388257184424518,
      3.03688192726104,
      4.13549421592915,
      5.388257184424518,
      4.982792076316353,
      4.695110003864572,
      2.5848968035179825,
      2.990361911626147,
      4.471966452550363,
      4.695110003864572,
      5.388257184424518,
      3.5164550075229264,
      4.289644895756409,
      4.471966452550363,
      3.4423470353692043,
      5.388257184424518,
      4.982792076316353,
      5.388257184424518,
      4.001962823304627,
      4.982792076316353,
      4.289644895756409,
      4.982792076316353,
      4.982792076316353,
      3.4423470353692043,
      4.982792076316353,
      4.982792076316353,
      5.388257184424518,
      3.7788192719904172,
      4.695110003864572,
      3.8841797876482436,
      4.471966452550363,
      2.647417160499317,
      3.03688192726104,
      5.388257184424518,
      2.749199854809259,
      4.982792076316353,
      4.695110003864572,
      3.4423470353692043
    ],
    "vocab": {
      "a": 0,
      "added": 1,
      "answer": 2,
      "builtinentityfeaturesnipsduration": 3,
      "builtinentityfeaturesnipsnumber": 4,
      "builtinentityfeaturesnipstemperature": 5,
      "by": 6,
      "c": 7,
      "calculate": 8,
      "calvin": 9,
      "can": 10,
      "celcius": 11,
      "celsius": 12,
      "combine": 13,
      "convert": 14,
      "degrees": 15,
      "divide": 16,
      "divided": 17,
      "entityfeaturematch_operation": 18,
      "entityfeatureoperation": 19,
      "entityfeaturetemperature_name": 20,
      "f": 21,
      "fahrenheit": 22,
      "ferent": 23,
      "from": 24,
      "how": 25,
      "initiate": 26,
      "is": 27,
      "k": 28,
      "kelvin": 29,
      "less": 30,
      "me": 31,
      "minus": 32,
      "much": 33,
      "multiplied": 34,
      "multiply": 35,
      "please": 36,
      "plus": 37,
      "salius": 38,
      "selsus": 39,
      "set": 40,
      "split": 41,
      "start": 42,
      "tell": 43,
      "the": 44,
      "timer": 45,
      "times": 46,
      "to": 47,
      "total": 48,
      "what": 49,
      "you": 50
    }
  }
}