{
  "builtin_entity_scope": [
    "snips/temperature",
    "snips/duration",
    "snips/number"
  ],
  "config": {
    "unit_name": "tfidf_vectorizer",
    "use_stemming": false,
    "word_clusters_name": null
  },
  "language_code": "en",
  "vectorizer": {
    "idf_diag": [
      2.785567498980134,
      4.695110003864572,
      4.695110003864572,
      5.388257184424518,
      3.03688192726104,
      2.647417160499317,
      3.248191020928247,
      4.001962823304627,
      4.695110003864572,
      4.982792076316353,
      3.7788192719904172,
      4.982792076316353,
      4.982792076316353,
      5.388257184424518,
      3.03688192726104,
      4.695110003864572,
      4.001962823304627,
      4.982792076316353,
      4.982792076316353,
      2.5848968035179825,
      2.990361911626147,
      4.695110003864572,
      4.695110003864572,
      3.4423470353692043,
      4.13549421592915,
      4.471966452550363,
      3.3088156427446815,
      4.471966452550363,
      4.471966452550363,
      5.388257184424518,
      4.289644895756409,
      4.982792076316353,
      4.13549421592915,
      4.982792076316353,
      5.388257184424518,
      3.373354163882253,
      4.982792076316353,
      3.7788192719904172,
      4.982792076316353,
      3.8841797876482436,
      5.388257184424518,
      4.695110003864572,
      2.5848968035179825,
      3.03688192726104,
      4.982792076316353,
      2.714108534997989,
      5.388257184424518,
      4.471966452550363,
      3.5164550075229264
    ],
    "vocab": {
      "a": 0,
      "add": 1,
      "added": 2,
      "answer": 3,
      "builtinentityfeaturesnipsduration": 4,
      "builtinentityfeaturesnipsnumber": 5,
      "builtinentityfeaturesnipstemperature": 6,
      "by": 7,
      "c": 8,
      "calculate": 9,
      "can": 10,
      "celcius": 11,
      "celsius": 12,
      "combine": 13,
      "convert": 14,
      "degree": 15,
      "degrees": 16,
      "divide": 17,
      "entityfeaturematch_operation": 18,
      "entityfeatureoperation": 19,
      "entityfeaturetemperature_name": 20,
      "f": 21,
      "fahrenheit": 22,
      "from": 23,
      "how": 24,
      "initiate": 25,
      "is": 26,
      "k": 27,
      "kelvin": 28,
      "less": 29,
      "me": 30,
      "minus": 31,
      "much": 32,
      "multiplied": 33,
      "multiply": 34,
      "please": 35,
      "plus": 36,
      "set": 37,
      "split": 38,
      "start": 39,
      "subtract": 40,
      "tell": 41,
      "the": 42,
      "timer": 43,
      "times": 44,
      "to": 45,
      "total": 46,
      "what": 47,
      "you": 48
    }
  }
}