{
  "coeffs": [
    [
      -1.3553993699085092,
      -0.7508521140706153,
      -0.07921419014972364,
      0.9814208354537894,
      0.23732569835541417,
      0.7073114410490852,
      0.368470531562139,
      1.629222685673051,
      0.17443033452710757,
      1.8691123731378785,
      2.887915897072201,
      0.4691086051367673,
      1.0080116227574945,
      0.08388270626122168,
      -0.2117198471109886,
      0.9778628927986159,
      1.0984938821625887,
      0.5504552563462595,
      -0.6013875659136386,
      -0.34021760343372764,
      -0.7508521140706153,
      -0.1471950529476902,
      -0.33183725107022316
    ],
    [
      -0.13867490810199612,
      2.6814268055724355,
      -1.0601596342526525,
      -0.27512312454964544,
      0.6266878972845003,
      -0.16576704563558092,
      -0.10888338099658663,
      -0.40780293429567005,
      -0.333710375145642,
      -0.5075807623512474,
      -0.7196274877350066,
      -0.3939853085180317,
      -0.22733240704096372,
      -0.5839307681326776,
      0.9000559216831954,
      -0.2694550948541485,
      -0.31728631682450126,
      0.487515300801485,
      0.8730695292196162,
      1.3231682033651289,
      2.6814268055724355,
      -1.1686173322941626,
      -0.04130808912550513
    ],
    [
      0.3004966856699868,
      -1.6831651940611874,
      0.17159633240182462,
      -0.6227951303322261,
      -0.6102884776476012,
      -0.4559365794148404,
      -0.24695551408932395,
      -1.0001443570896238,
      -0.08472555632555485,
      -1.1491652772408536,
      -1.790533282358565,
      -0.2757295815469101,
      -0.6049948559281605,
      0.005268909974940238,
      -0.5806631537811255,
      -0.5772332459992747,
      -0.6639484377015007,
      -0.8052927484237724,
      -0.5599217756116392,
      -0.8416667239845295,
      -1.6831651940611874,
      0.298355185463926,
      -0.05387397353390615
    ]
  ],
  "config": {
    "data_augmentation_config": {
      "add_builtin_entities_examples": false,
      "max_unknown_words": null,
      "min_utterances": 20,
      "noise_factor": 5,
      "unknown_word_prob": 0.0,
      "unknown_words_replacement_string": null
    },
    "featurizer_config": {
      "added_cooccurrence_feature_ratio": 0.0,
      "cooccurrence_vectorizer_config": {
        "filter_stop_words": true,
        "keep_order": true,
        "unit_name": "cooccurrence_vectorizer",
        "unknown_words_replacement_string": null,
        "window_size": null
      },
      "pvalue_threshold": 0.4,
      "tfidf_vectorizer_config": {
        "unit_name": "tfidf_vectorizer",
        "use_stemming": false,
        "word_clusters_name": null
      },
      "unit_name": "featurizer"
    },
    "noise_reweight_factor": 1,
    "unit_name": "log_reg_intent_classifier"
  },
  "featurizer": "featurizer",
  "intent_list": [
    "convertTemperature",
    "setTimer",
    null
  ],
  "intercept": [
    -1.182394866530163,
    -1.1819272051971177,
    0.5130872250771353
  ],
  "t_": 4201.0
}